{"cameraMode":{"drawMode":0,"name":"Shaded","section":"Shading Mode"},"sceneLighting":false,"audioPlay":false,"sceneViewState":{"m_AlwaysRefresh":false,"showFog":true,"showSkybox":false,"showFlares":true,"showImageEffects":true,"showParticleSystems":true,"showVisualEffectGraphs":true,"m_FxEnabled":true},"in2DMode":false,"pivot":{"x":-19.387147903442384,"y":0.9931870102882385,"z":-1.447293758392334},"rotation":{"x":0.026666102930903436,"y":0.9689120054244995,"z":-0.12067350745201111,"w":0.21443140506744386},"size":1.0302143096923829,"orthographic":true}