{"cameraMode":{"drawMode":0,"name":"Shaded","section":"Shading Mode"},"sceneLighting":true,"audioPlay":false,"sceneViewState":{"m_AlwaysRefresh":false,"showFog":true,"showSkybox":true,"showFlares":true,"showImageEffects":true,"showParticleSystems":true,"showVisualEffectGraphs":true,"m_FxEnabled":true},"in2DMode":false,"pivot":{"x":1.1732643842697144,"y":1.7883766889572144,"z":2.138256072998047},"rotation":{"x":0.26980507373809817,"y":0.16678282618522645,"z":-0.04750596359372139,"w":0.9471840858459473},"size":2.4321439266204836,"orthographic":true}