{"cameraMode":{"drawMode":0,"name":"Shaded","section":"Shading Mode"},"sceneLighting":true,"audioPlay":false,"sceneViewState":{"m_AlwaysRefresh":false,"showFog":true,"showSkybox":true,"showFlares":true,"showImageEffects":true,"showParticleSystems":true,"showVisualEffectGraphs":true,"m_FxEnabled":true},"in2DMode":false,"pivot":{"x":3.742945432662964,"y":1.8010993003845215,"z":5.238672256469727},"rotation":{"x":0.3844931125640869,"y":0.34698420763015749,"z":-0.15872521698474885,"w":0.8405936360359192},"size":1.6191881895065308,"orthographic":true}