{"cameraMode":{"drawMode":0,"name":"Shaded","section":"Shading Mode"},"sceneLighting":true,"audioPlay":false,"sceneViewState":{"m_AlwaysRefresh":false,"showFog":true,"showSkybox":true,"showFlares":true,"showImageEffects":true,"showParticleSystems":true,"showVisualEffectGraphs":true,"m_FxEnabled":true},"in2DMode":false,"pivot":{"x":6.214469909667969,"y":0.49736326932907107,"z":6.574469089508057},"rotation":{"x":0.4994419813156128,"y":-0.5000437498092651,"z":0.48381319642066958,"w":0.5162063241004944},"size":1.2792916297912598,"orthographic":true}