{"cameraMode":{"drawMode":0,"name":"Shaded","section":"Shading Mode"},"sceneLighting":true,"audioPlay":false,"sceneViewState":{"m_AlwaysRefresh":false,"showFog":true,"showSkybox":true,"showFlares":true,"showImageEffects":true,"showParticleSystems":true,"showVisualEffectGraphs":true,"m_FxEnabled":true},"in2DMode":false,"pivot":{"x":5.146188259124756,"y":1.00907301902771,"z":7.178905010223389},"rotation":{"x":-0.00792303029447794,"y":0.47131791710853579,"z":0.004270147532224655,"w":0.8819411396980286},"size":0.5128856301307678,"orthographic":true}