{"cameraMode":{"drawMode":0,"name":"Shaded","section":"Shading Mode"},"sceneLighting":true,"audioPlay":false,"sceneViewState":{"m_AlwaysRefresh":false,"showFog":true,"showSkybox":true,"showFlares":true,"showImageEffects":true,"showParticleSystems":true,"showVisualEffectGraphs":true,"m_FxEnabled":true},"in2DMode":false,"pivot":{"x":3.078990936279297,"y":4.36147928237915,"z":1.2960376739501954},"rotation":{"x":0.4731813669204712,"y":-0.0026432948652654888,"z":0.0014193414244800807,"w":0.8809665441513062},"size":7.629941940307617,"orthographic":true}