{"cameraMode":{"drawMode":0,"name":"Shaded","section":"Shading Mode"},"sceneLighting":true,"audioPlay":false,"sceneViewState":{"m_AlwaysRefresh":false,"showFog":true,"showSkybox":true,"showFlares":true,"showImageEffects":true,"showParticleSystems":true,"showVisualEffectGraphs":true,"m_FxEnabled":true},"in2DMode":false,"pivot":{"x":6.4992523193359379,"y":0.0669596865773201,"z":1.9139742851257325},"rotation":{"x":0.27048459649086,"y":0.005778270307928324,"z":-0.0016155403573065997,"w":0.9627187848091126},"size":1.5561343431472779,"orthographic":true}