{"cameraMode":{"drawMode":0,"name":"Shaded","section":"Shading Mode"},"sceneLighting":true,"audioPlay":false,"sceneViewState":{"m_AlwaysRefresh":false,"showFog":true,"showSkybox":true,"showFlares":true,"showImageEffects":true,"showParticleSystems":true,"showVisualEffectGraphs":true,"m_FxEnabled":true},"in2DMode":false,"pivot":{"x":0.14777150750160218,"y":-4.243971347808838,"z":8.267101287841797},"rotation":{"x":0.07668077200651169,"y":-0.8932940363883972,"z":0.4102245569229126,"w":0.16698357462882996},"size":18.05419158935547,"orthographic":true}