{"cameraMode":{"drawMode":0,"name":"Shaded","section":"Shading Mode"},"sceneLighting":false,"audioPlay":false,"sceneViewState":{"m_AlwaysRefresh":false,"showFog":true,"showSkybox":false,"showFlares":true,"showImageEffects":true,"showParticleSystems":true,"showVisualEffectGraphs":true,"m_FxEnabled":true},"in2DMode":false,"pivot":{"x":-2.05190372467041,"y":0.5691490769386292,"z":3.2282676696777345},"rotation":{"x":0.24715939164161683,"y":0.49708622694015505,"z":-0.15017913281917573,"w":0.8180934190750122},"size":0.10414601862430573,"orthographic":true}