{"cameraMode":{"drawMode":0,"name":"Shaded","section":"Shading Mode"},"sceneLighting":false,"audioPlay":false,"sceneViewState":{"m_AlwaysRefresh":false,"showFog":true,"showSkybox":false,"showFlares":true,"showImageEffects":true,"showParticleSystems":true,"showVisualEffectGraphs":true,"m_FxEnabled":true},"in2DMode":false,"pivot":{"x":-2.05190372467041,"y":0.4504459798336029,"z":3.2282676696777345},"rotation":{"x":0.09507563710212708,"y":0.6339539289474487,"z":-0.07894992083311081,"w":0.7634385824203491},"size":0.14407363533973695,"orthographic":true}