{"cameraMode":{"drawMode":0,"name":"Shaded","section":"Shading Mode"},"sceneLighting":false,"audioPlay":false,"sceneViewState":{"m_AlwaysRefresh":false,"showFog":true,"showSkybox":false,"showFlares":true,"showImageEffects":true,"showParticleSystems":true,"showVisualEffectGraphs":true,"m_FxEnabled":true},"in2DMode":false,"pivot":{"x":-2.05190372467041,"y":0.6863070130348206,"z":3.2282676696777345},"rotation":{"x":0.30785655975341799,"y":0.21857737004756928,"z":-0.07289516925811768,"w":0.923115611076355},"size":0.14407362043857575,"orthographic":true}