{"cameraMode":{"drawMode":0,"name":"Shaded","section":"Shading Mode"},"sceneLighting":false,"audioPlay":false,"sceneViewState":{"m_AlwaysRefresh":false,"showFog":true,"showSkybox":false,"showFlares":true,"showImageEffects":true,"showParticleSystems":true,"showVisualEffectGraphs":true,"m_FxEnabled":true},"in2DMode":false,"pivot":{"x":0.07796687632799149,"y":0.0024410313926637174,"z":-0.0386294461786747},"rotation":{"x":0.31870201230049136,"y":0.3657870888710022,"z":-0.13493263721466065,"w":0.8639622330665588},"size":0.03683491796255112,"orthographic":true}