{"cameraMode":{"drawMode":0,"name":"Shaded","section":"Shading Mode"},"sceneLighting":false,"audioPlay":false,"sceneViewState":{"m_AlwaysRefresh":false,"showFog":true,"showSkybox":false,"showFlares":true,"showImageEffects":true,"showParticleSystems":true,"showVisualEffectGraphs":true,"m_FxEnabled":true},"in2DMode":false,"pivot":{"x":-19.239999771118165,"y":0.8999999761581421,"z":-1.9910000562667847},"rotation":{"x":0.39063766598701479,"y":-0.4311266839504242,"z":0.21467621624469758,"w":0.7845041751861572},"size":0.9433982372283936,"orthographic":false}