{"cameraMode":{"drawMode":0,"name":"Shaded","section":"Shading Mode"},"sceneLighting":false,"audioPlay":false,"sceneViewState":{"m_AlwaysRefresh":false,"showFog":true,"showSkybox":false,"showFlares":true,"showImageEffects":true,"showParticleSystems":true,"showVisualEffectGraphs":true,"m_FxEnabled":true},"in2DMode":false,"pivot":{"x":-2.05190372467041,"y":0.9229176640510559,"z":3.2282676696777345},"rotation":{"x":0.33467528223991396,"y":0.5627546310424805,"z":-0.26624149084091189,"w":0.7074100971221924},"size":0.14407362043857575,"orthographic":true}