{"cameraMode":{"drawMode":0,"name":"Shaded","section":"Shading Mode"},"sceneLighting":false,"audioPlay":false,"sceneViewState":{"m_AlwaysRefresh":false,"showFog":true,"showSkybox":false,"showFlares":true,"showImageEffects":true,"showParticleSystems":true,"showVisualEffectGraphs":true,"m_FxEnabled":true},"in2DMode":false,"pivot":{"x":3.4790000915527345,"y":0.8082432150840759,"z":5.300000190734863},"rotation":{"x":0.07915999740362168,"y":0.8961148858070374,"z":-0.17782573401927949,"w":0.39888590574264529},"size":0.19526460766792298,"orthographic":true}