{"cameraMode":{"drawMode":0,"name":"Shaded","section":"Shading Mode"},"sceneLighting":false,"audioPlay":false,"sceneViewState":{"m_AlwaysRefresh":false,"showFog":true,"showSkybox":false,"showFlares":true,"showImageEffects":true,"showParticleSystems":true,"showVisualEffectGraphs":true,"m_FxEnabled":true},"in2DMode":false,"pivot":{"x":3.4790000915527345,"y":0.8082432150840759,"z":5.300000190734863},"rotation":{"x":-0.007571717724204063,"y":0.9831773042678833,"z":0.041911330074071887,"w":0.17768563330173493},"size":0.19526460766792298,"orthographic":true}