{"cameraMode":{"drawMode":0,"name":"Shaded","section":"Shading Mode"},"sceneLighting":false,"audioPlay":false,"sceneViewState":{"m_AlwaysRefresh":false,"showFog":true,"showSkybox":false,"showFlares":true,"showImageEffects":true,"showParticleSystems":true,"showVisualEffectGraphs":true,"m_FxEnabled":true},"in2DMode":false,"pivot":{"x":-0.07796687632799149,"y":0.0018441531574353576,"z":-0.0386294461786747},"rotation":{"x":0.3402194678783417,"y":0.31532421708106997,"z":-0.12226536124944687,"w":0.8774291276931763},"size":0.027828091755509378,"orthographic":true}