{"cameraMode":{"drawMode":0,"name":"Shaded","section":"Shading Mode"},"sceneLighting":false,"audioPlay":false,"sceneViewState":{"m_AlwaysRefresh":false,"showFog":true,"showSkybox":false,"showFlares":true,"showImageEffects":true,"showParticleSystems":true,"showVisualEffectGraphs":true,"m_FxEnabled":true},"in2DMode":false,"pivot":{"x":-0.07796687632799149,"y":0.0018441531574353576,"z":0.03933749720454216},"rotation":{"x":0.43390747904777529,"y":0.22163623571395875,"z":-0.11102606356143952,"w":0.8661895394325256},"size":0.033118315041065219,"orthographic":true}