{"cameraMode":{"drawMode":0,"name":"Shaded","section":"Shading Mode"},"sceneLighting":false,"audioPlay":false,"sceneViewState":{"m_AlwaysRefresh":false,"showFog":true,"showSkybox":false,"showFlares":true,"showImageEffects":true,"showParticleSystems":true,"showVisualEffectGraphs":true,"m_FxEnabled":true},"in2DMode":false,"pivot":{"x":0.002263769507408142,"y":0.0000015981495380401612,"z":-0.00018516182899475098},"rotation":{"x":-0.33389773964881899,"y":-0.13983024656772614,"z":0.05013398081064224,"w":-0.9308608770370483},"size":0.20130132138729096,"orthographic":true}