{"cameraMode":{"drawMode":0,"name":"Shaded","section":"Shading Mode"},"sceneLighting":false,"audioPlay":false,"sceneViewState":{"m_AlwaysRefresh":false,"showFog":true,"showSkybox":false,"showFlares":true,"showImageEffects":true,"showParticleSystems":true,"showVisualEffectGraphs":true,"m_FxEnabled":true},"in2DMode":false,"pivot":{"x":-2.558027982711792,"y":0.8730016350746155,"z":3.5416603088378908},"rotation":{"x":-0.04400668665766716,"y":-0.4867819547653198,"z":0.024525044485926629,"w":-0.8721010684967041},"size":0.06631451845169068,"orthographic":true}